name,type_1,type_2,role,defensive_rating,offensive_rating,tier
Zygarde Complete Forme,Dragon,Ground,Balanced,72.46688441668442,66.35122507602507,SS
Giratina Altered Forme,Ghost,Dragon,Balanced,70.0770780220341,65.15725167575135,SS
Zacian Crowned Sword,Fairy,Steel,Balanced,68.6805317479385,76.94406456661528,SS
Zamazenta Crowned Shield,Fighting,Steel,Balanced,67.39149877082032,70.39893544321487,SS
Dialga Origin Forme,Steel,Dragon,Balanced,66.94206214799439,66.60124995621126,SS
Giratina Origin Forme,Ghost,Dragon,Balanced,66.7224188629454,66.80102816534105,SS
Solgaleo,Psychic,Steel,Balanced,65.90683169550016,65.2769039774867,SS
Eternatus,Poison,Dragon,Balanced,65.31603934932608,73.61152775373837,SS
Terapagos Stellar Form,Normal,NA,Balanced,65.05571777744069,65.43217247247136,SS
Primal Groudon,Ground,Fire,Balanced,64.82475610864938,72.85299153591389,S
Mega Metagross,Steel,Psychic,Balanced,64.739553004148,69.33596094947785,S
Dusk Mane Necrozma,Psychic,Steel,Balanced,64.4346771081678,64.97339524518353,S
Dialga,Steel,Dragon,Balanced,64.39629254693115,64.86813981427039,S
Primal Kyogre,Water,NA,Balanced,64.01047039436368,72.85299153591389,S
Mega Aggron,Steel,NA,Balanced,63.91232575116217,61.922793691020104,S
Mega Rayquaza,Dragon,Flying,Offensive,63.52405322880975,81.76469329360026,SS
Arceus,Normal,NA,Offensive,63.469131621616214,73.0934903248098,S
Mega Tyranitar,Rock,Dark,Balanced,63.21088403136188,68.70621725147564,S
Melmetal,Steel,NA,Balanced,62.9487930920397,58.31036893589824,S
Lugia,Psychic,Flying,Balanced,62.827222648181205,66.08162323724287,S
Mega Steelix,Steel,Ground,Balanced,62.39409378432326,58.75783700127545,S
Ultra Necrozma,Psychic,Dragon,Offensive,61.500914785933105,80.83111659542362,SS
Xerneas,Fairy,NA,Balanced,61.282701765852835,68.65790914653971,S
Ho-oh,Fire,Flying,Balanced,61.241235197422625,63.2557231282873,S
Yveltal,Dark,Flying,Balanced,61.229130337281404,68.65790914653971,S
Mega Gyarados,Water,Dark,Balanced,61.12965049664888,65.08619081145773,S
Mega Mewtwo X,Psychic,Fighting,Offensive,60.53082197161664,80.06061674555377,SS
Registeel,Steel,NA,Defensive,60.42424006182483,50.932328968942805,S
Miraidon,Electric,Dragon,Offensive,60.292265734395016,71.19759640638362,S
Mega Latias,Dragon,Psychic,Balanced,60.26238310396474,69.0266472380533,S
Ice Rider Calyrex,Psychic,Ice,Balanced,60.13862152068775,68.14618290156761,S
Regigigas,Normal,NA,Offensive,59.90602129670832,70.12148835619635,S
Mega Mewtwo Y,Psychic,NA,Offensive,59.87022046820693,82.01946402020143,SS
Kyogre,Water,NA,Balanced,59.59696015646837,65.70854325693762,S
Koraidon,Fighting,Dragon,Offensive,59.542265734395016,71.19759640638362,S
Mega Garchomp,Dragon,Ground,Offensive,59.1852131513508,69.49211249337516,S
Zekrom,Dragon,Electric,Balanced,59.16772111835972,64.86813981427039,S
Mega Dragonite,Dragon,Flying,Balanced,59.042166059605556,66.84407129010955,S
Lunala,Psychic,Ghost,Balanced,58.963974552643016,65.2769039774867,S
Slaking,Normal,NA,Offensive,58.94447081722299,69.16507816625852,S
Zacian Hero of Many Battles,Fairy,NA,Offensive,58.93712350156922,69.20514349973318,S
White Kyurem,Dragon,Ice,Offensive,58.75816092411233,70.08596756843367,S
Black Kyurem,Dragon,Ice,Offensive,58.75816092411233,70.08596756843367,S
Mega Salamence,Dragon,Flying,Offensive,58.652048968518265,69.9216343292299,S
Reshiram,Dragon,Fire,Balanced,58.63200683264543,64.86813981427039,S
Groudon,Ground,NA,Balanced,58.18267444218266,65.70854325693762,S
Hisuian Goodra,Steel,Dragon,Balanced,58.138979605805574,55.0481792752273,S
Mega Scizor,Bug,Steel,Balanced,57.66407805239399,60.32003317375921,S
Palkia Origin Forme,Water,Dragon,Offensive,57.59826067330797,70.50808804907813,S
Ting-Lu,Dark,Ground,Balanced,57.52773795190869,53.95358600150262,S
Dawn Wings Necrozma,Psychic,Ghost,Balanced,57.49181996531067,64.97339524518353,S
Jirachi,Steel,Psychic,Balanced,57.47060414130648,58.01672218661542,S
Magearna,Steel,Fairy,Balanced,57.40375073844575,54.17408532303595,S
Rayquaza,Dragon,Flying,Offensive,57.30621459852864,69.38861483266427,S
Mega Swampert,Water,Ground,Balanced,57.23161126224159,61.44845832819864,S
Zamazenta Hero of Many Battles,Fighting,NA,Offensive,57.2228377872835,69.20514349973318,S
Iron Hands,Fighting,Electric,Balanced,57.05400285853211,58.186991890341844,S
Shadow Rider Calyrex,Psychic,Ghost,Offensive,56.97193314639688,77.7173771083612,SS
Mega Latios,Dragon,Psychic,Offensive,56.91673179623011,69.43407529996719,S
Iron Crown,Steel,Psychic,Balanced,56.62363164646466,57.597363062888896,S
Palkia,Water,Dragon,Offensive,56.13603701774122,66.0715054191524,S
Kyurem,Dragon,Ice,Offensive,55.94539379460259,66.19063740143595,S
Mega Heracross,Bug,Fighting,Offensive,55.787055176840454,67.60460489177214,S
Palafin Hero Form,Water,NA,Offensive,55.5867638997788,65.88112838043043,S
Mewtwo,Psychic,NA,Offensive,55.42257852263079,71.77626500354539,S
Heatran,Fire,Steel,Balanced,54.892072498866504,55.10036614607969,A
Raging Bolt,Electric,Dragon,Balanced,54.8381579781382,57.30085222988118,A
Kingambit,Dark,Steel,Balanced,54.764219642214535,52.88519464677805,A
Pecharunt,Poison,Ghost,Balanced,54.69590688180375,55.413856439841076,A
Metagross,Steel,Psychic,Balanced,54.6725240524181,54.8038168078172,A
Mega Diancie,Rock,Fairy,Offensive,54.61082499738284,73.17749028860312,S
Gouging Fire,Fire,Dragon,Balanced,54.491393178115445,56.8443668871267,A
Celesteela,Steel,Flying,Balanced,54.42514719389999,51.142119234646486,A
Darmanitan Zen Mode,Fire,Psychic,Balanced,54.38110843431787,56.50807232163972,A
Gholdengo,Steel,Ghost,Balanced,54.29665590939141,53.142967938236495,A
Mega Slowbro,Water,Psychic,Balanced,54.123577965639726,55.43834423448361,A
Victini,Psychic,Fire,Balanced,53.95631842702076,58.01672218661542,A
Cobalion,Steel,Fighting,Balanced,53.885748836705204,55.77997115278203,A
Archaludon,Steel,Dragon,Balanced,53.872334509026956,52.90687305249352,A
Roaring Moon,Dragon,Dark,Offensive,53.83258723159264,64.82698037087877,A
Mega Ampharos,Electric,Dragon,Balanced,53.74468462329337,60.08262425665038,A
Cresselia,Psychic,NA,Balanced,53.49656138469787,52.412526696121176,A
Zarude,Dark,Grass,Balanced,53.25658847268842,59.996447399699406,A
Mega Blastoise,Water,NA,Balanced,53.256013462298775,57.69441320545641,A
Mega Aerodactyl,Rock,Flying,Offensive,53.24855085080321,69.42147928494472,S
Mega Charizard Y,Fire,Flying,Offensive,53.18494382660991,63.86649411363766,A
Stakataka,Rock,Steel,Balanced,53.184800506196865,54.90628575566875,A
Regirock,Rock,NA,Balanced,52.94720923495656,53.253405093318946,A
Iron Treads,Ground,Steel,Balanced,52.85665522725371,54.61745063142256,A
Manaphy,Water,NA,Balanced,52.7991755698779,58.01672218661542,A
Mega Venusaur,Grass,Poison,Balanced,52.77581981891843,55.81300865111255,A
Ursaluna,Ground,Normal,Balanced,52.6413107809237,56.035543404473515,A
Mega Lucario,Fighting,Steel,Offensive,52.61169021605362,64.64712415586725,A
Mega Charizard X,Fire,Dragon,Offensive,52.483255397717414,63.49881010165264,A
Mega Kangaskhan,Normal,NA,Balanced,52.38051643061854,59.950704724957276,A
Genesect,Bug,Steel,Balanced,52.32450540925775,58.41139866085527,A
Scream Tail,Fairy,Psychic,Balanced,52.189206621074675,54.17546315574775,A
Zygarde 50% Forme,Dragon,Ground,Balanced,52.039570396871746,54.78886832116967,A
Mega Gallade,Psychic,Fighting,Offensive,51.848938367968785,68.34112891375656,S
Mega Altaria,Dragon,Fairy,Balanced,51.789974114280405,54.002695481516255,A
Suicune,Water,NA,Balanced,51.7012256978355,50.18878525946459,A
Mega Gengar,Ghost,Poison,Offensive,51.64974877571893,69.81994597058556,S
Baxcalibur,Dragon,Ice,Offensive,51.55387906227598,60.18059275377122,A
Kartana,Grass,Steel,Offensive,51.520852680545595,65.14056251313798,S
Meloetta Aria Forme,Normal,Psychic,Balanced,51.48839802216365,57.963819424753694,A
Goodra,Dragon,NA,Balanced,51.103068533621425,55.20671524344499,A
Terapagos Terastal Form,Normal,NA,Balanced,51.079815080565965,55.902541404946774,A
Garchomp,Dragon,Ground,Offensive,51.046220512327174,59.62661376410807,A
Shaymin Land Forme,Grass,NA,Balanced,51.031318427020764,58.01672218661542,A
Guzzlord,Dark,Dragon,Balanced,50.97725628062484,51.08262198958427,A
Great Tusk,Ground,Fighting,Balanced,50.94037036291387,57.153580234500005,A
Kommo-o,Dragon,Fighting,Balanced,50.91096392284507,55.78710026291208,A
Keldeo Ordinary Form,Water,Fighting,Offensive,50.88937177635104,58.54635307816969,A
Keldeo Resolute Form,Water,Fighting,Offensive,50.88937177635104,58.54635307816969,A
Glastrier,Ice,NA,Balanced,50.83307927309818,57.666314799443455,A
HoopaHoopa Unbound,Psychic,Dark,Offensive,50.75518787620067,68.00668613242635,S
Latias,Dragon,Psychic,Balanced,50.71863737278578,57.766108394363144,A
Tyranitar,Rock,Dark,Balanced,50.71761888917763,55.00182739124395,A
Mega Houndoom,Dark,Fire,Offensive,50.69003308278133,60.99022564492775,A
Buzzwole,Bug,Fighting,Balanced,50.642576315631445,57.10506273611041,A
Ash-Greninja,Water,Dark,Offensive,50.61452324683695,69.73001097891064,S
Regice,Ice,NA,Balanced,50.611494949242285,53.253405093318946,A
Meloetta Pirouette Forme,Normal,Fighting,Offensive,50.59849118549614,63.19976762401171,A
Mega Hawlucha,Fighting,Flying,Offensive,50.58672465979201,63.08894457193338,A
Mega Audino,Normal,Fairy,Balanced,50.57594181370901,45.29847720729435,A
Celebi,Psychic,Grass,Balanced,50.517032712735045,58.01672218661542,A
Nihilego,Rock,Poison,Offensive,50.480220890111,58.710787982294406,A
Mew,Psychic,NA,Offensive,50.25988985559219,58.01672218661542,A
Mega Gardevoir,Psychic,Fairy,Offensive,50.14919300732254,64.75254511908534,A
Spectrier,Ghost,NA,Offensive,50.02379199671742,64.56822832833363,A
Tapu Fini,Water,Fairy,Balanced,49.970864778652825,48.81424371513809,A
Diancie,Rock,Fairy,Balanced,49.84403543113473,53.933111144603615,A
Blissey,Normal,NA,Balanced,49.819834105770354,49.35433756254865,A
Regidrago,Dragon,NA,Balanced,49.74604185532175,52.578515211986,A
Deoxys Defense Forme,Psychic,NA,Balanced,49.70684809410889,53.53101359262711,A
Iron Leaves,Grass,Psychic,Offensive,49.524215557771974,59.68283413719088,A
Entei,Fire,NA,Balanced,49.3685438455231,53.30560567318517,A
Iron Boulder,Rock,Psychic,Offensive,49.362759003992835,61.3912784818973,A
Dragapult,Dragon,Ghost,Offensive,49.24390840948817,60.91813752818329,A
Marshadow,Fighting,Ghost,Offensive,49.242345834916016,60.62381665347424,A
Mega Alakazam,Psychic,NA,Offensive,49.205106477747485,74.74985553284081,S
Brute Bonnet,Grass,Dark,Balanced,49.193644169991636,52.21843055493889,A
Uxie,Psychic,NA,Balanced,49.16747107981311,53.04169441574757,A
Dragonite,Dragon,Flying,Balanced,49.03843223829999,54.23008502995278,A
Zapdos,Electric,Flying,Balanced,49.027762701084235,54.355033402948465,A
Landorus Incarnate Forme,Ground,Flying,Offensive,48.97144430745746,58.91789071141251,A
Mega Lopunny,Normal,Fighting,Offensive,48.926876361397625,65.12917175252404,S
Latios,Dragon,Psychic,Offensive,48.890774961682446,59.05326978376169,A
Mega Pinsir,Bug,Flying,Offensive,48.837797991660224,64.4135928899555,A
Okidogi,Poison,Fighting,Balanced,48.79331016951494,52.97081752558002,A
Galarian Moltres,Dark,Flying,Balanced,48.743366363483844,50.50800250572924,A
Terrakion,Rock,Fighting,Offensive,48.735800347779616,58.54635307816969,A
Togekiss,Fairy,Flying,Balanced,48.699085825020255,51.62721320139417,A
Zeraora,Electric,NA,Offensive,48.68941334033046,64.09531321609958,A
Iron Thorns,Rock,Electric,Balanced,48.68333988561245,54.299485018703976,A
Walking Wake,Water,Dragon,Offensive,48.649821326684624,58.12151901949826,A
Wishiwashi School Form,Water,NA,Offensive,48.50601097141333,58.45229859122098,A
Magnezone,Electric,Steel,Balanced,48.47834775518693,47.98732813620981,A
Mega Blaziken,Fire,Fighting,Offensive,48.3370368809284,60.17572214909584,A
Aegislash Shield Forme,Steel,Ghost,Defensive,48.26198848945086,37.85299870978143,A
Iron Moth,Fire,Poison,Offensive,48.24860398348375,58.91083309445385,A
Snorlax,Normal,NA,Balanced,48.06883753517884,47.874283084492504,A
Virizion,Grass,Fighting,Offensive,48.05717740813378,55.77997115278203,A
Hydreigon,Dark,Dragon,Balanced,48.05086270568577,54.84198129213442,A
Dondozo,Water,NA,Balanced,47.92978027891564,44.95098754919327,A
Landorus Therian Forme,Ground,Flying,Offensive,47.81971539996701,56.390093427853685,A
Bloodmoon Ursaluna,Ground,Normal,Balanced,47.81808131042843,52.19136861383073,A
Urshifu Rapid Strike Style,Fighting,Water,Balanced,47.67894534329206,54.15626801819343,A
Fezandipiti,Poison,Fairy,Balanced,47.57566961983028,49.05929896346447,A
Flutter Mane,Ghost,Fairy,Offensive,47.47752525314725,63.35580694158638,A
Volcanion,Fire,Water,Balanced,47.46048989378168,52.03580372371134,A
Annihilape,Fighting,Ghost,Balanced,47.41796578724973,51.164149562095886,A
Galarian Zapdos,Fighting,Flying,Offensive,47.05003547283913,55.09278180993009,A
Gyarados,Water,Flying,Balanced,46.93415264189066,50.276906265640406,A
Iron Jugulis,Dark,Flying,Offensive,46.86325344527472,55.10870920254919,A
Raikou,Electric,NA,Offensive,46.86251691367693,55.85544124217861,A
Mega Pidgeot,Normal,Flying,Offensive,46.8495133175395,59.75767049815943,A
Darkrai,Dark,NA,Offensive,46.77407611177581,61.666372238562204,A
Thundurus Incarnate Forme,Electric,Flying,Offensive,46.69035217441254,57.28802769890143,A
Chi-Yu,Dark,Fire,Offensive,46.52882816911157,55.10063707154259,A
Tinkaton,Fairy,Steel,Balanced,46.4837881190599,41.99942086295333,A
Sandy Shocks,Electric,Ground,Offensive,46.46631237541552,53.77082745156358,A
Milotic,Water,NA,Balanced,46.45829622627144,47.06290247919593,A
Moltres,Fire,Flying,Balanced,46.4270798100213,51.46717102470603,A
Florges,Fairy,NA,Balanced,46.41636977756416,49.112281635918954,A
Salamence,Dragon,Flying,Offensive,46.409592556525354,55.67350673982462,A
Excadrill,Ground,Steel,Balanced,46.36056671918654,49.071938690609244,A
Wo-Chien,Dark,Grass,Balanced,46.32084489412823,46.885847666043844,A
Galarian Articuno,Psychic,Flying,Offensive,46.27980625511438,54.40038476190916,A
Steelix,Steel,Ground,Balanced,46.265702523436964,40.15534098389418,A
Volcarona,Bug,Fire,Offensive,46.25003071588877,55.52379485109404,A
Necrozma,Psychic,NA,Balanced,46.22605778885372,52.39536995206811,A
Silvally,Normal,NA,Balanced,46.1757809627278,52.926610374076994,A
Mega Victreebel,Grass,Poison,Offensive,46.17382412082071,54.80169760990728,A
Corviknight,Flying,Steel,Balanced,46.134272730123655,39.237302307249436,A
Tornadus Therian Forme,Flying,NA,Offensive,46.11780462523881,58.126705295860646,A
Empoleon,Water,Steel,Balanced,45.94808090019297,42.415176946495706,A
Skeledirge,Fire,Ghost,Balanced,45.86775793547227,44.2993835304317,A
Tapu Bulu,Grass,Fairy,Balanced,45.81910437804,51.160748312357555,A
Mega Manectric,Electric,NA,Offensive,45.80637616351471,61.70135977804522,A
Mesprit,Psychic,NA,Balanced,45.77609079339274,52.46884094046323,A
Articuno,Ice,Flying,Balanced,45.7538931360424,49.20375080448548,A
Galarian Darmanitan Zen Mode,Ice,Fire,Offensive,45.72444112708419,66.4897540906799,S
Umbreon,Dark,NA,Balanced,45.62034303556946,42.989708299639,A
Thundurus Therian Forme,Electric,Flying,Offensive,45.43253497161593,54.654142120036454,A
Ceruledge,Fire,Ghost,Balanced,45.39334120805002,48.2371006141997,A
Ogerpon Hearthflame Mask,Grass,Fire,Offensive,45.3367892487193,54.96956873338593,A
Mega Malamar,Dark,Psychic,Offensive,45.32994330850511,53.7271337507684,A
Probopass,Rock,Steel,Balanced,45.2670554758617,41.22540567368149,A
Mega Abomasnow,Grass,Ice,Offensive,45.03857495749358,55.43883233448635,A
Golisopod,Bug,Water,Balanced,45.03174638762592,48.058443480987634,A
Arcanine,Fire,NA,Balanced,44.91801291495271,50.87423988559712,B
Slither Wing,Bug,Fighting,Offensive,44.8876671975102,52.19093083651693,B
Rhyperior,Ground,Rock,Offensive,44.884839921032494,51.92785647370425,B
Basculegion(female),Water,Ghost,Balanced,44.855800148466216,44.773743570400725,B
Deoxys Speed Forme,Psychic,NA,Offensive,44.84751194541576,68.11002330756303,S
Mega Sceptile,Grass,Dragon,Offensive,44.82951300531605,67.03843963460804,S
Klinklang,Steel,NA,Balanced,44.78262020817679,43.06683942322857,B
Urshifu Single Strike Style,Fighting,Dark,Offensive,44.6468024861492,54.15626801819343,B
Aggron,Steel,Rock,Balanced,44.60795623067011,45.83253257178531,B
Chandelure,Ghost,Fire,Balanced,44.593150384962115,49.93235205372687,B
Xurkitree,Electric,NA,Offensive,44.566417601676775,56.72255400118637,A
HoopaHoopa Confined,Psychic,Ghost,Offensive,44.515097064906726,54.490130119667214,B
Ogerpon Wellspring Mask,Grass,Water,Offensive,44.361789248719305,54.96956873338593,B
Ogerpon Teal Mask,Grass,NA,Offensive,44.308217820147874,54.96956873338593,B
Shaymin Sky Forme,Grass,Flying,Offensive,44.29556986066069,58.525213339697345,A
Basculegion(male),Water,Ghost,Balanced,44.2870033983486,43.849391264727565,B
Tapu Koko,Electric,Fairy,Offensive,44.26470484571649,54.71667176804878,B
Armarouge,Fire,Psychic,Balanced,44.22027346611289,47.648320858202595,B
Vaporeon,Water,NA,Balanced,44.195649355016215,45.240916368175206,B
Iron Valiant,Fairy,Fighting,Offensive,44.15697929219454,59.576150127038616,A
Tornadus Incarnate Forme,Flying,NA,Offensive,44.15106646012683,57.28802769890143,A
Primarina,Water,Fairy,Balanced,44.03789097943928,46.16588562048196,B
Ferrothorn,Grass,Steel,Balanced,43.85991641052449,38.40918082341096,B
Munkidori,Poison,Psychic,Offensive,43.79758628793452,54.258828474465176,B
Copperajah,Steel,NA,Balanced,43.76660962831825,41.19558283671036,B
Regieleki,Electric,NA,Offensive,43.73156266519527,68.87015640346537,S
Enamorus Therian Forme,Fairy,Flying,Balanced,43.687367742643865,48.632135025625935,B
Haxorus,Dragon,NA,Offensive,43.64258346758574,55.087171786472,A
Mandibuzz,Dark,Flying,Balanced,43.50856218462033,38.7776477795319,B
Incineroar,Fire,Dark,Balanced,43.423023718946105,44.0335566012872,B
Tapu Lele,Psychic,Fairy,Offensive,43.38811941243554,53.25712295007732,B
Lapras,Water,Ice,Balanced,43.307465444858934,45.485342842853434,B
Sylveon,Fairy,NA,Balanced,43.224310959783246,44.88365869244389,B
Scizor,Bug,Steel,Balanced,42.99998828240983,44.851115295101096,B
Bastiodon,Rock,Steel,Balanced,42.96305779968148,36.81111933026162,B
Ogerpon Cornerstone Mask,Grass,Rock,Offensive,42.94750353443359,54.96956873338593,B
Cetitan,Ice,NA,Balanced,42.89197234034482,48.22538584665162,B
Revavroom,Steel,Poison,Balanced,42.87945976005599,45.17848584991765,B
Escavalier,Bug,Steel,Balanced,42.776556386120134,43.64449161096067,B
Glimmora,Rock,Poison,Offensive,42.74016079736758,49.91546161333758,B
Naganadel,Poison,Dragon,Offensive,42.65457166229619,53.80710871345207,B
Delphox,Fire,Psychic,Offensive,42.63103235438663,49.44577553753599,B
Blastoise,Water,NA,Balanced,42.57483303631588,44.134520606147575,B
Hippowdon,Ground,NA,Balanced,42.533829006222845,44.82988044236369,B
Cinderace,Fire,NA,Offensive,42.51297131984778,51.86002554141654,B
Garganacl,Rock,NA,Balanced,42.44074801106355,42.902513527962,B
Coalossal,Rock,Fire,Balanced,42.41025272850069,41.07987304196777,B
Rillaboom,Grass,NA,Offensive,42.37920211160299,49.292674628099114,B
Swampert,Water,Ground,Balanced,42.282631483602415,43.455700605943335,B
Hisuian Typhlosion,Fire,Ghost,Balanced,42.194154145216494,46.452399952665544,B
Gliscor,Ground,Flying,Balanced,41.86591082516664,45.70105345803929,B
TaurosAqua Breed,Fighting,Water,Balanced,41.84490570251758,47.56907294589304,B
Crobat,Poison,Flying,Offensive,41.73053679916623,50.09208022015946,B
Sneasler,Fighting,Poison,Offensive,41.72922947266997,54.571817610002,B
Tentacruel,Water,Poison,Balanced,41.576894593431916,41.32021214147689,B
Enamorus Incarnate Forme,Fairy,Flying,Offensive,41.383028090789935,52.44579370240605,B
Mega Banette,Ghost,NA,Offensive,41.382940733285594,52.09700122192806,B
Mega Beedrill,Bug,Poison,Offensive,41.37067549130285,62.03206109276758,A
TaurosBlaze Breed,Fighting,Fire,Offensive,41.30919141680329,47.56907294589304,B
Mega Mawile,Steel,Fairy,Balanced,41.3030675467501,37.98063610418265,B
Alolan Muk,Poison,Dark,Balanced,41.28555747676354,40.39101844039807,B
Gigalith,Rock,NA,Balanced,41.186575805399855,47.05317987825547,B
Hisuian Arcanine,Fire,Rock,Balanced,41.06426427997368,47.07949103958552,B
Mega Glalie,Ice,NA,Offensive,40.99270344820541,55.77861093859508,A
Azelf,Psychic,NA,Offensive,40.96517317313907,57.97807562311674,A
Toxapex,Poison,Water,Balanced,40.94628530430414,34.916152520391634,B
Noivern,Flying,Dragon,Offensive,40.93926695789639,50.02327680135605,B
Kingdra,Water,Dragon,Balanced,40.83934673077201,46.66906939116818,B
Braviary,Normal,Flying,Balanced,40.82129687505609,45.63024438339677,B
Fan Rotom,Electric,Flying,Balanced,40.78217234157561,43.76524293171333,B
Lickilicky,Normal,NA,Balanced,40.71548859238319,41.99975337830246,B
Darmanitan Standard Mode,Fire,NA,Offensive,40.70590546652848,49.32527825918402,B
Avalugg,Ice,NA,Offensive,40.653184883226785,46.845953593288336,B
Krookodile,Ground,Dark,Balanced,40.58161387151079,46.63015862635011,B
Feraligatr,Water,NA,Balanced,40.56338685572413,42.862731051489945,B
Heat Rotom,Electric,Fire,Balanced,40.55717234157561,43.76524293171333,B
Overqwil,Dark,Poison,Balanced,40.55265058598073,43.85054460725756,B
Muk,Poison,NA,Balanced,40.54627176247783,40.39101844039807,B
Hydrapple,Grass,Dragon,Balanced,40.51415096710798,46.34012357827996,B
Hisuian Avalugg,Ice,Rock,Offensive,40.50904979668303,49.575361934069875,B
Skarmory,Steel,Flying,Balanced,40.50550586215579,35.071576879615264,B
Mantine,Water,Flying,Balanced,40.478658959976045,38.54155524776494,B
Typhlosion,Fire,NA,Balanced,40.44186746457792,45.91258072450834,B
Poliwrath,Water,Fighting,Balanced,40.39466012235137,39.853349035354725,B
Bronzong,Steel,Psychic,Balanced,40.386848076964576,35.52281287770054,B
Chesnaught,Grass,Fighting,Balanced,40.37379624643219,43.84909881146706,B
Gogoat,Grass,NA,Balanced,40.35017554143616,44.97419267260098,B
Conkeldurr,Fighting,NA,Offensive,40.34691117604536,47.19754891733246,B
Dusknoir,Ghost,NA,Balanced,40.34217641438796,42.57541138088139,B
Galarian Stunfisk,Ground,Steel,Defensive,40.33915808314479,32.73580473535406,B
Mudsdale,Ground,NA,Balanced,40.33431546368749,44.46165069237412,B
Serperior,Grass,NA,Offensive,40.27122273689336,48.091238437582575,B
Orthworm,Steel,NA,Balanced,40.27106416218882,34.92265800863954,B
Iron Bundle,Ice,Water,Offensive,40.263308957114816,58.73046453350067,A
Mega Camerupt,Fire,Ground,Balanced,40.24983841391366,45.73084934695103,B
Lucario,Fighting,Steel,Balanced,40.19466190729469,45.419988687225,B
Hisuian Samurott,Water,Dark,Balanced,40.19148341653202,45.13262697575533,B
Meganium,Grass,NA,Balanced,40.09225900415133,43.32448311072815,B
Carbink,Rock,Fairy,Balanced,40.04356661093188,37.465975657734106,B
Quaquaval,Water,Fighting,Balanced,40.03560463285601,44.52029105548432,B
Decidueye,Grass,Ghost,Balanced,39.984119894835345,44.580183413399226,B
Charizard,Fire,Flying,Balanced,39.981153178863636,45.91258072450834,B
Heracross,Bug,Fighting,Offensive,39.94974397420143,47.50528709256858,B
Tsareena,Grass,NA,Offensive,39.84652610324348,46.02273659308307,B
Sinistcha,Grass,Ghost,Balanced,39.79048474094108,44.199522979351585,B
Bewear,Normal,Fighting,Balanced,39.78141440643385,44.61161224124752,B
Magmortar,Fire,NA,Balanced,39.75574127139977,44.76171868276373,B
Samurott,Water,NA,Balanced,39.7527439733351,44.45229193180592,B
Chien-Pao,Dark,Ice,Offensive,39.71600754364587,56.920202713911934,A
Bouffalant,Normal,NA,Balanced,39.694254313561274,43.385254665081405,B
Obstagoon,Dark,Normal,Balanced,39.63606601284136,44.56117010528107,B
Mega Sharpedo,Water,Dark,Offensive,39.5608155121455,50.53957811491061,B
Tangrowth,Grass,NA,Balanced,39.54656968334494,45.390555146673535,B
Wash Rotom,Electric,Water,Balanced,39.50717234157561,43.76524293171333,B
Archeops,Rock,Flying,Offensive,39.494275080293775,52.072519226893476,B
Blacephalon,Fire,Ghost,Offensive,39.42808530546671,50.98094306840365,B
Greninja,Water,Dark,Offensive,39.34495264619354,50.306594224421076,B
Jellicent,Water,Ghost,Balanced,39.31317876885352,35.44733501195406,B
Infernape,Fire,Fighting,Offensive,39.271622559293526,49.169305658740036,B
Aerodactyl,Rock,Flying,Offensive,39.258576826633075,50.36989808228172,B
Leafeon,Grass,NA,Offensive,39.191878882103296,47.45099785322584,B
TaurosCombat Breed,Fighting,NA,Offensive,39.123477131089004,47.56907294589304,B
Walrein,Ice,Water,Balanced,39.09152955259758,41.68246724773425,B
Gourgeist Super Size,Ghost,Grass,Balanced,39.06524664538933,39.65697211526532,B
Stoutland,Normal,NA,Balanced,39.01893301525108,44.1632762014753,B
Throh,Fighting,NA,Balanced,39.015051064922275,39.90638939543531,B
Durant,Bug,Steel,Balanced,38.99263974905679,44.615033761145554,B
Deoxys Normal Forme,Psychic,NA,Offensive,38.948566639569194,66.63738552818582,S
Bellibolt,Electric,NA,Balanced,38.93319718708149,39.54438476166944,B
Mamoswine,Ice,Ground,Offensive,38.90986139022042,47.681091782348666,B
Pyroar,Fire,Normal,Offensive,38.8932049814,45.049094180086136,B
Passimian,Fighting,NA,Offensive,38.85600179577975,44.72439422183871,B
Alomomola,Water,NA,Balanced,38.83684475314709,35.92698879749012,B
Ninetales,Fire,NA,Balanced,38.83187996413221,42.68080571135959,B
Shuckle,Bug,Rock,Balanced,38.804464442575764,34.63027581301494,B
Drapion,Poison,Dark,Balanced,38.7776495770882,41.034703847146375,B
Jolteon,Electric,NA,Offensive,38.724199362160874,51.636149108056614,B
Tyrantrum,Rock,Dragon,Offensive,38.72097025658789,44.90106665525655,B
Kangaskhan,Normal,NA,Balanced,38.629874040780244,43.011787802014354,B
Torterra,Grass,Ground,Balanced,38.510943680309126,43.2487600348514,B
Venusaur,Grass,Poison,Balanced,38.39981683287276,40.88200323963244,B
Arboliva,Grass,Normal,Balanced,38.369859124977665,43.53781076831844,B
Relicanth,Water,Rock,Balanced,38.361404852918284,39.15365090786214,B
Centiskorch,Fire,Bug,Balanced,38.276807754400295,41.63636611359237,B
Ampharos,Electric,NA,Balanced,38.19746276677556,41.540362284268596,B
Porygon-Z,Normal,NA,Offensive,38.168021005944325,48.73633879743921,B
Houndstone,Ghost,NA,Balanced,38.13071199379203,40.03907374250312,B
Glaceon,Ice,NA,Offensive,38.10564257586011,47.94071777544404,B
Musharna,Psychic,NA,Balanced,38.023347436766855,40.2473003207287,B
Klefki,Steel,Fairy,Balanced,37.998713881512046,34.35384941756905,B
Miltank,Normal,NA,Balanced,37.948477387147946,42.349451459119095,B
Gourgeist Large Size,Ghost,Grass,Balanced,37.93503848332242,38.9454670832956,B
Blaziken,Fire,Fighting,Offensive,37.93454869203198,44.97623560326579,B
Gardevoir,Psychic,Fairy,Offensive,37.92209745683171,45.48808341772957,B
Dudunsparce Three-Segment Form,Normal,NA,Balanced,37.85727248007881,39.92614804592775,B
Dudunsparce Two-Segment Form,Normal,NA,Balanced,37.85727248007881,39.92614804592775,B
Nidoqueen,Poison,Ground,Balanced,37.841455033879214,37.89757054960233,B
Orbeetle,Bug,Psychic,Balanced,37.82769801394885,42.03532963180946,B
Donphan,Ground,NA,Balanced,37.807568741562704,42.8403521364335,B
Hariyama,Fighting,NA,Balanced,37.80592311071345,42.20892661101789,B
Polteageist,Ghost,NA,Offensive,37.79719676199704,44.90022032203561,B
Machamp,Fighting,NA,Offensive,37.7123640004026,44.250418472511,B
Wyrdeer,Normal,Psychic,Offensive,37.6674665275752,44.03612134912656,B
Emboar,Fire,Fighting,Balanced,37.64899238979869,41.58849609622389,B
Dhelmise,Ghost,Grass,Balanced,37.64371673813724,42.62257173124046,B
Electivire,Electric,NA,Offensive,37.618314584846885,46.18469564970914,B
Barbaracle,Rock,Water,Balanced,37.569497584751005,41.80787106921717,B
Golurk,Ground,Ghost,Balanced,37.50639420019727,41.565766267993254,B
Runerigus,Ground,Ghost,Balanced,37.47287067074849,37.896958829516066,B
Mow Rotom,Electric,Grass,Offensive,37.353600913004186,43.76524293171333,B
Kleavor,Bug,Rock,Offensive,37.34756945767672,47.87602902392541,B
Galarian Slowking,Poison,Psychic,Balanced,37.31669457668711,39.264644204768246,B
Cofagrigus,Ghost,NA,Balanced,37.29072781360564,37.896958829516066,B
Alolan Golem,Rock,Electric,Balanced,37.289447024346536,42.69014863020638,B
Sandaconda,Ground,NA,Balanced,37.25946095285926,41.871783218513215,B
Mabosstiff,Dark,NA,Offensive,37.22139378600917,44.45959548662975,B
Wailord,Water,NA,Balanced,37.12906803659495,39.55778240719036,B
Espeon,Psychic,NA,Offensive,37.126183489145006,51.43956791147542,B
Alolan Sandslash,Ice,Steel,Balanced,37.121370080212,37.8214373175237,B
Vikavolt,Bug,Electric,Offensive,37.077606357811845,44.38482877130588,B
Cryogonal,Ice,NA,Offensive,37.05883482867042,47.009678231809005,B
Roserade,Grass,Poison,Offensive,36.977383597299166,45.536726333835645,B
Starmie,Water,Psychic,Offensive,36.96704359710101,45.81955036919514,B
Gallade,Psychic,Fighting,Offensive,36.94709745683171,45.48808341772957,B
Weavile,Dark,Ice,Offensive,36.944675182048606,53.10142983419507,B
Flareon,Fire,NA,Balanced,36.93808551551709,42.369064861098494,B
Inteleon,Water,NA,Offensive,36.90935721102196,49.892865341661945,B
Alcremie,Fairy,NA,Balanced,36.8535413475895,40.549192674282835,B
Seismitoad,Water,Ground,Balanced,36.848772354058376,37.44497279337165,B
Pheromosa,Bug,Fighting,Offensive,36.82812335324803,61.783615303677436,A
Gourgeist Average Size,Ghost,Grass,Balanced,36.80483032125552,38.76729538465922,B
Dracovish,Water,Dragon,Balanced,36.79826327220965,38.42196503577975,B
Scrafty,Dark,Fighting,Balanced,36.794046925673626,39.203011922783816,B
Forretress,Bug,Steel,Balanced,36.76879842200923,33.31450602886137,B
Aurorus,Rock,Ice,Balanced,36.76799045354036,41.259623199301416,B
Meowscarada,Grass,Dark,Offensive,36.73318229752347,49.05483309274382,B
Talonflame,Fire,Flying,Offensive,36.668766204575334,45.38215627899779,B
Claydol,Ground,Psychic,Balanced,36.65297056458263,38.58913287907664,B
Hisuian Decidueye,Grass,Fighting,Balanced,36.599590837897,41.14876975992442,B
Drampa,Normal,Dragon,Offensive,36.57050826031378,42.29758785766515,B
Dracozolt,Electric,Dragon,Balanced,36.567107931980814,38.109932220026344,B
Stonjourner,Rock,NA,Offensive,36.56078344860358,44.7073585605636,B
Slowbro,Water,Psychic,Balanced,36.534361836686045,36.449771782227494,B
Slowking,Water,Psychic,Balanced,36.534361836686045,36.449771782227494,B
Frost Rotom,Electric,Ice,Offensive,36.52860091300418,43.76524293171333,B
Altaria,Dragon,Flying,Balanced,36.457725290292665,37.32091561745115,B
Farigiraf,Normal,Psychic,Balanced,36.45455432069484,40.32254866800953,B
Tauros,Normal,NA,Offensive,36.401825597841125,46.08885688786077,B
Eelektross,Electric,NA,Offensive,36.383322221726644,42.37123926909349,B
Drednaw,Water,Rock,Offensive,36.37935445709763,41.91406921514424,B
Politoed,Water,NA,Balanced,36.342249269980684,36.812707176015934,B
Dragalge,Poison,Dragon,Balanced,36.2817685159956,36.27609967108887,B
Exeggutor,Grass,Psychic,Offensive,36.28175151486121,42.8549860585916,B
Oinkologne(female),Normal,NA,Balanced,36.26757756984236,37.81026723975917,B
Pinsir,Bug,NA,Offensive,36.26564370615618,44.91788018888873,B
Mega Absol,Dark,NA,Offensive,36.26554242596316,53.2027409178461,B
Perrserker,Steel,NA,Balanced,36.09394648918632,33.93691241045733,B
Calyrex,Psychic,Grass,Balanced,36.054370156243245,39.467546643772444,B
Staraptor,Normal,Flying,Offensive,35.98374351085012,44.981521908626675,B
Golem,Rock,Ground,Offensive,35.95016131006082,42.69014863020638,B
Oranguru,Normal,Psychic,Balanced,35.94330068415836,37.555846369986526,B
Oinkologne(male),Normal,NA,Balanced,35.91600710479267,39.04181906794119,B
Clawitzer,Water,NA,Balanced,35.90032872225646,40.709190527925585,B
Reuniclus,Psychic,NA,Offensive,35.7996791024148,41.314557002866835,B
Gengar,Ghost,Poison,Offensive,35.78460779346639,47.47318333947611,B
Luxray,Electric,NA,Balanced,35.69835253040263,41.03371158925034,B
Druddigon,Dragon,NA,Balanced,35.690660656909486,40.417003246191356,B
Sirfetch'd,Fighting,NA,Offensive,35.68192540956323,44.44457251667517,B
Gourgeist Small Size,Ghost,Grass,Balanced,35.674622159188615,40.0557903526895,B
Flygon,Ground,Dragon,Offensive,35.659599862067466,43.17804703499681,B
Omastar,Rock,Water,Offensive,35.57189439653155,41.19736304885046,B
Aegislash Blade Forme,Steel,Ghost,Offensive,35.48553769915386,41.273732087105515,B
Stunfisk,Ground,Electric,Balanced,35.46415808314479,32.73580473535406,B
Swalot,Poison,NA,Balanced,35.46356064264819,34.06846865688465,B
Mismagius,Ghost,NA,Offensive,35.382964289316234,43.448428751594854,B
Hisuian Braviary,Psychic,Flying,Balanced,35.37833140183291,40.057407620286114,B
Galarian Weezing,Poison,Fairy,Balanced,35.34708915347818,37.547380068427685,B
Drifblim,Ghost,Flying,Balanced,35.321008742042295,35.8382692391364,B
Arctozolt,Electric,Ice,Balanced,35.27460085898793,40.45692637840086,B
Sceptile,Grass,NA,Offensive,35.26280425845573,47.28430250034579,B
Galarian Darmanitan Standard Mode,Ice,NA,Offensive,35.24161975224276,49.32527825918402,B
Cradily,Rock,Grass,Balanced,35.17435920444779,38.40622154178955,B
Weezing,Poison,NA,Balanced,35.11137486776389,37.547380068427685,B
Nidoking,Poison,Ground,Balanced,35.029788768025625,38.23332511858469,B
Toedscruel,Ground,Grass,Offensive,34.97689459343191,41.32021214147689,C
Sawk,Fighting,NA,Offensive,34.96823191260957,43.475347000519534,C
Gastrodon,Water,Ground,Balanced,34.901678466346134,35.749008091227644,C
Bombirdier,Flying,Dark,Balanced,34.888537786014226,38.59173199122701,C
Deoxys Attack Forme,Psychic,NA,Offensive,34.867877618597845,67.72258099822031,S
Clefable,Fairy,NA,Balanced,34.82864111301954,35.6238337240896,C
Lycanroc Midnight Form,Rock,NA,Offensive,34.82097845676422,41.391457770477736,C
Rampardos,Rock,NA,Offensive,34.81519340600957,47.13084793872771,B
Pangoro,Fighting,Dark,Offensive,34.80586581147047,41.30764201474625,C
Gothitelle,Psychic,NA,Balanced,34.746296262823776,38.730920780380785,C
Togedemaru,Electric,Steel,Balanced,34.72501509959503,35.47463544050355,C
Comfey,Fairy,NA,Balanced,34.621784810281454,39.29553504449699,C
Beartic,Ice,NA,Offensive,34.61461008253414,43.476356988666126,C
Garbodor,Poison,NA,Balanced,34.61122276064977,35.69847131436755,C
Simisear,Fire,NA,Offensive,34.51293090339167,42.351841643170104,C
Skuntank,Poison,Dark,Balanced,34.49352456897157,35.271819987083276,C
Electrode,Electric,NA,Offensive,34.46390569994359,47.34131061290296,B
Kilowattrel,Electric,Flying,Offensive,34.415161313214895,44.09207667979044,C
Alakazam,Psychic,NA,Offensive,34.408922819642505,51.784259093189014,B
Whiscash,Water,Ground,Balanced,34.35725033217426,34.41479449859205,C
Galarian Slowbro,Poison,Psychic,Balanced,34.26777975161985,38.2321687547941,C
Palossand,Ghost,Ground,Balanced,34.227561061482064,34.84582519910809,C
Rapidash,Fire,NA,Offensive,34.22527786652191,40.595346050107416,C
Alolan Ninetales,Ice,Fairy,Offensive,34.16372474953508,41.55944536855732,C
Grimmsnarl,Dark,Fairy,Balanced,34.10689814796265,39.09869035333114,C
Lanturn,Water,Electric,Balanced,34.10395918464058,31.755296072894122,C
Dachsbun,Fairy,NA,Balanced,34.093405430906245,37.49602808115641,C
Toxtricity Amped Form,Electric,Poison,Balanced,34.054498173668804,36.63177791302377,C
Toxtricity Low Key Form,Electric,Poison,Balanced,34.054498173668804,36.63177791302377,C
Yanmega,Bug,Flying,Offensive,34.028883692563696,44.395727533090735,C
Flamigo,Flying,Fighting,Offensive,34.01455841327435,41.36863549969039,C
Mega Sableye,Dark,Ghost,Balanced,34.0061712736576,35.40007155662314,C
Trevenant,Ghost,Grass,Balanced,33.99992145742248,36.83767605337984,C
Golduck,Water,NA,Balanced,33.94955770354479,37.0192541596097,C
Torkoal,Fire,NA,Balanced,33.942677579561845,34.2885257326745,C
Mimikyu,Ghost,Fairy,Balanced,33.93383727554449,38.77772248760236,C
Slurpuff,Fairy,NA,Balanced,33.923838463544705,36.21449917171521,C
Greedent,Normal,NA,Balanced,33.91700730942944,34.54465959381777,C
Unfezant,Normal,Flying,Offensive,33.88050343493623,41.438729676818994,C
Sigilyph,Psychic,Flying,Offensive,33.85029493501436,41.79622278747616,C
Arctovish,Water,Ice,Balanced,33.8346342972814,36.77467705921474,C
Phione,Water,NA,Balanced,33.778423585969165,36.15306734009509,C
Clodsire,Poison,Ground,Balanced,33.71730070566572,29.211764016981334,C
Kingler,Water,NA,Offensive,33.69802349112967,41.50635158600404,C
Cursola,Ghost,NA,Offensive,33.679711495382676,41.64414491118737,C
Armaldo,Rock,Bug,Offensive,33.649693016673865,41.00782971220083,C
Scolipede,Bug,Poison,Offensive,33.640680564396916,43.04219530830014,C
Dubwool,Normal,NA,Balanced,33.60898875753979,37.24668841275191,C
Heliolisk,Electric,Normal,Offensive,33.579801475432944,43.16699131535225,C
Spiritomb,Ghost,Dark,Balanced,33.54013555309148,36.56044222796124,C
Vanilluxe,Ice,NA,Offensive,33.53821541464045,41.57204463498377,C
Hisuian Electrode,Electric,Grass,Offensive,33.521048557086445,47.34131061290296,B
Houndoom,Dark,Fire,Offensive,33.51296108970702,39.06509107344288,C
Hypno,Psychic,NA,Balanced,33.504412945934476,36.331818965907374,C
Kabutops,Rock,Water,Offensive,33.37975455283343,40.481084684530146,C
Barraskewda,Water,NA,Offensive,33.37292392965817,49.453316283925574,B
Oricorio Pom-Pom Style,Electric,Flying,Balanced,33.36402954695605,36.68807363307535,C
Pawmot,Electric,Fighting,Offensive,33.32740154304325,42.59379363590442,C
Lycanroc Dusk Form,Rock,NA,Offensive,33.322021357645305,45.44470994868946,B
Heatmor,Fire,NA,Balanced,33.26744490590717,37.46463764214599,C
Lycanroc Midday Form,Rock,NA,Offensive,33.26646580208975,45.46436806834758,B
Hawlucha,Fighting,Flying,Offensive,33.22897371065416,42.41040464277782,C
Mr. Rime,Ice,Psychic,Offensive,33.159272045136376,40.83221875526296,C
Hisuian Lilligant,Grass,Fighting,Offensive,33.1583317141324,42.83762610550201,C
Simipour,Water,NA,Offensive,33.15221661767738,42.351841643170104,C
Vileplume,Grass,Poison,Balanced,33.14537683138223,36.843387316553994,C
Tatsugiri Curly Form,Dragon,Water,Offensive,33.14355987714668,40.74140021242282,C
Tatsugiri Droopy Form,Dragon,Water,Offensive,33.14355987714668,40.74140021242282,C
Tatsugiri Stretchy Form,Dragon,Water,Offensive,33.14355987714668,40.74140021242282,C
Amoonguss,Grass,Poison,Balanced,33.10782001505736,34.077154306945125,C
Hatterene,Psychic,Fairy,Offensive,33.10265248109576,41.29337560118678,C
Alolan Exeggutor,Grass,Dragon,Offensive,33.004928852768934,41.23503152836746,C
Araquanid,Water,Bug,Balanced,32.928828127850934,30.594255395464288,C
Toucannon,Normal,Flying,Offensive,32.90727456014228,38.24108091846317,C
Rabsca,Bug,Psychic,Offensive,32.89911006535914,38.95352479578743,C
Exploud,Normal,NA,Offensive,32.80511862971895,38.14009115075254,C
Salazzle,Poison,Fire,Offensive,32.7764916324536,43.13788654951839,C
Grumpig,Psychic,NA,Balanced,32.73593070685317,36.69979511765165,C
Hisuian Zoroark,Normal,Ghost,Offensive,32.55161209918854,43.005225437534875,C
Turtonator,Fire,Dragon,Balanced,32.51047150538123,33.54571444719271,C
Crustle,Bug,Rock,Offensive,32.44727539270073,37.52915739746409,C
Minior Core Form,Rock,Flying,Offensive,32.44216577515462,45.27636900406658,B
Carracosta,Water,Rock,Balanced,32.41207048804312,36.64747126864442,C
Grapploct,Fighting,NA,Offensive,32.39358959907681,37.89059771238484,C
Aromatisse,Fairy,NA,Balanced,32.31232185775685,32.77596901206272,C
Oricorio Baile Style,Fire,Flying,Balanced,32.164029546956044,36.68807363307535,C
Cramorant,Flying,Water,Balanced,32.127510678782514,36.139733092801876,C
Dewgong,Water,Ice,Balanced,32.08936104693208,35.13147002604522,C
Crabominable,Fighting,Ice,Offensive,32.03403094717104,40.7307741254505,C
Victreebel,Grass,Poison,Offensive,32.0273512585971,38.38185632981932,C
Mega Medicham,Fighting,Psychic,Offensive,32.01756298834749,41.36072910110096,C
Cloyster,Water,Ice,Offensive,31.998090182019478,38.863135121700324,C
Bellossom,Grass,NA,Balanced,31.953076755297182,34.25999483721527,C
Zebstrika,Electric,NA,Offensive,31.908863118073953,41.76941610449464,C
Lopunny,Normal,NA,Offensive,31.884319941962968,38.37801104187486,C
Indeedee(female),Psychic,Normal,Offensive,31.877859780936657,37.16458890355848,C
Noctowl,Normal,Flying,Balanced,31.846737460401236,32.835160361004,C
Cyclizar,Dragon,Normal,Offensive,31.779842105521436,41.63230628011747,C
Lilligant,Grass,NA,Offensive,31.774351917518768,39.85343263367471,C
Oricorio Sensu Style,Ghost,Flying,Offensive,31.746172404098903,36.68807363307535,C
Veluza,Water,Psychic,Balanced,31.744616083379572,34.60573352177357,C
Froslass,Ice,Ghost,Offensive,31.731053788437546,40.22597763796493,C
Palafin Zero Form,Water,NA,Balanced,31.701324074012078,33.94278231240751,C
Sawsbuck,Normal,Grass,Offensive,31.687929871033553,38.591735219385804,C
Pidgeot,Normal,Flying,Balanced,31.67362200443339,35.982932691964066,C
Boltund,Electric,NA,Offensive,31.666254221845882,43.613980792237484,C
Huntail,Water,NA,Offensive,31.43221108010019,37.09025331508052,C
Hitmontop,Fighting,NA,Balanced,31.417476772760605,36.093128682650004,C
Abomasnow,Grass,Ice,Offensive,31.384555833433765,38.67278593713361,C
Simisage,Grass,NA,Offensive,31.38435947482024,42.351841643170104,C
Ludicolo,Water,Grass,Balanced,31.367416468951056,34.40787921617819,C
Swanna,Water,Flying,Offensive,31.36378826723135,37.836307065617845,C
Espathra,Psychic,NA,Offensive,31.362166977593283,41.09368014864526,C
Leavanny,Bug,Grass,Offensive,31.319318200199803,40.82082907622521,C
Galarian Rapidash,Psychic,Fairy,Offensive,31.300277866521903,40.595346050107416,C
Toxicroak,Poison,Fighting,Offensive,31.293259793779406,36.37874701158011,C
Honchkrow,Dark,Flying,Offensive,31.261908600935165,37.556592060197886,C
Hitmonchan,Fighting,NA,Offensive,31.22863793734852,37.457671110549114,C
Grafaiai,Poison,Normal,Offensive,31.19693513321512,38.421578362950996,C
Whimsicott,Grass,Fairy,Offensive,31.18466734313148,38.0315216002989,C
Floatzel,Water,NA,Offensive,31.181271765039426,41.27091263726987,C
Azumarill,Water,Fairy,Defensive,31.173552342112693,25.357333225246293,C
Zygarde 10% Forme,Dragon,Ground,Offensive,31.165000398518448,42.62806376156918,C
Beheeyem,Psychic,NA,Offensive,31.13891134385174,38.71352002892045,C
Klawf,Rock,NA,Offensive,31.118110409034678,36.275516617622344,C
Octillery,Water,NA,Offensive,31.11647085438633,36.888360057070415,C
Ambipom,Normal,NA,Offensive,31.054053829328783,42.39100619338064,C
Accelgor,Bug,NA,Offensive,31.039870292919744,47.01814112527939,B
Lumineon,Water,NA,Balanced,31.020810188000482,34.20332383243788,C
Bruxish,Water,Psychic,Offensive,30.9983514326018,37.25016809103332,C
Wormadam Trash Cloak,Bug,Steel,Balanced,30.988692284671114,27.585254295771936,C
Qwilfish,Water,Poison,Balanced,30.982254677142542,32.19873663683467,C
Audino,Normal,NA,Balanced,30.909472963373773,30.431129822413926,C
Tropius,Grass,Flying,Balanced,30.83091499791128,32.91528230223457,C
Raichu,Electric,NA,Offensive,30.798508478733645,41.234737683955245,C
Granbull,Fairy,NA,Offensive,30.77357454168616,35.40826936253223,C
Hitmonlee,Fighting,NA,Offensive,30.77137143424966,40.42508525400517,C
Gorebyss,Water,NA,Offensive,30.660175617948312,35.78488451959531,C
Alolan Marowak,Fire,Ghost,Balanced,30.58724269955262,27.988158382656618,C
Lunatone,Rock,Psychic,Balanced,30.566862999975797,34.422782857113695,C
Solrock,Rock,Psychic,Balanced,30.566862999975797,34.422782857113695,C
Eldegoss,Grass,NA,Balanced,30.561529159133748,32.74650964757612,C
Meowstic(male),Psychic,NA,Offensive,30.54483907047334,38.04520362222096,C
Meowstic(female),Psychic,NA,Offensive,30.54483907047334,38.04520362222096,C
Vespiquen,Bug,Flying,Balanced,30.507751796742497,34.895412681825675,C
Dodrio,Normal,Flying,Offensive,30.44120353460216,41.07434948686446,C
Shiftry,Grass,Dark,Offensive,30.438520867707688,36.74756380631371,C
Sandslash,Ground,NA,Balanced,30.375682565700764,34.818501179558375,C
Ribombee,Bug,Fairy,Offensive,30.35899671861295,40.9360987148313,C
Rotom,Electric,Ghost,Balanced,30.297967454696078,33.543686882604,C
Mienshao,Fighting,NA,Offensive,30.288450449704065,43.11069167662974,C
Appletun,Grass,Dragon,Balanced,30.10900881342375,34.38630820001112,C
Lurantis,Grass,NA,Offensive,29.982043277855173,34.66380826911043,C
Brambleghast,Grass,Ghost,Offensive,29.97078371966464,37.44357884964827,C
Terapagos Normal Form,Normal,NA,Balanced,29.953190933690628,31.23428625666698,C
Malamar,Dark,Psychic,Offensive,29.934354222544783,35.361580187167306,C
Minior Meteor Form,Rock,Flying,Balanced,29.83179412734569,29.210838580904678,C
Pelipper,Water,Flying,Balanced,29.689017465233032,31.980139861428718,C
Glalie,Ice,NA,Offensive,29.674852157397737,36.15306734009509,C
Chimecho,Psychic,NA,Offensive,29.661396896592187,34.261457540059006,C
Wobbuffet,Psychic,NA,Defensive,29.661147493903005,23.994409140273014,C
Jumpluff,Grass,Flying,Offensive,29.597265031802362,36.374375686901374,C
Oricorio Pa'u Style,Psychic,Flying,Offensive,29.496172404098903,36.68807363307535,C
Scovillain,Grass,Fire,Offensive,29.491300385811897,37.952172622592286,C
Hisuian Qwilfish,Dark,Poison,Balanced,29.38582610571397,32.19873663683467,C
Komala,Normal,NA,Offensive,29.26868679526862,36.713776046474145,C
Indeedee(male),Psychic,Normal,Offensive,29.25650873881837,38.265362906355634,C
Alolan Dugtrio,Ground,Steel,Offensive,29.224727245642207,34.89534697949648,C
Mr. Mime,Psychic,Fairy,Offensive,29.213362177710103,37.31253926675091,C
Manectric,Electric,NA,Offensive,29.187868418453768,38.37613909638462,C
Camerupt,Fire,Ground,Offensive,29.098928277182743,34.07611220286545,C
Lokix,Bug,Dark,Offensive,29.05406718235038,35.882765392092,C
Furfrou,Normal,NA,Offensive,28.984267063601628,35.729349539434004,C
Seaking,Water,NA,Balanced,28.960918300325194,31.19704265252044,C
Pyukumuku,Water,NA,Balanced,28.916942924757414,25.55479827953426,C
Eiscue Ice Face,Ice,NA,Balanced,28.81880868939789,32.23194601939596,C
Alolan Raichu,Electric,Psychic,Offensive,28.793271119639034,37.65609935654052,C
Falinks,Fighting,NA,Offensive,28.73562740785812,34.10312768378455,C
Crawdaunt,Water,Dark,Offensive,28.71625000435433,33.69216424637996,C
Galvantula,Bug,Electric,Offensive,28.706641675058933,37.066463024540454,C
Zoroark,Dark,NA,Offensive,28.61643307489163,40.966295644462924,C
Breloom,Grass,Fighting,Offensive,28.530526410914767,37.96540554810183,C
Seviper,Poison,NA,Offensive,28.45917952290489,33.86477849414947,C
Maushold Family of Three,Normal,NA,Offensive,28.42084117102736,36.06506250366169,C
Maushold Family of Four,Normal,NA,Offensive,28.42084117102736,36.06506250366169,C
Arbok,Poison,NA,Balanced,28.394539365096385,31.21438101923638,C
Quagsire,Water,Ground,Balanced,28.315218352789486,27.832696910442646,C
Thievul,Dark,NA,Offensive,28.216836240218356,33.49299811415254,C
Cinccino,Normal,NA,Offensive,28.083267651823306,39.21442980762136,C
Wigglytuff,Normal,Fairy,Balanced,27.750762022901657,27.8775718389597,C
Frosmoth,Ice,Bug,Offensive,27.723266468331467,38.790652766084335,C
Dedenne,Electric,Fairy,Balanced,27.695450396678815,31.182738473573707,C
Mawile,Steel,Fairy,Balanced,27.669049430100515,23.702167890688337,C
Zangoose,Normal,NA,Offensive,27.592131124278048,37.32083754363008,C
Magcargo,Fire,Rock,Balanced,27.457853088385257,29.776724538389935,C
Venomoth,Bug,Poison,Offensive,27.289652247256075,32.313024979302,C
Absol,Dark,NA,Offensive,27.272006765407447,36.704931753016886,C
Xatu,Psychic,Flying,Offensive,27.24594859607028,34.94603181828536,C
Cacturne,Grass,Dark,Offensive,27.218634407042313,36.7424362205043,C
Sudowoodo,Rock,NA,Offensive,27.122361782761146,31.210510442142642,C
Cherrim,Grass,NA,Offensive,27.04266003426626,31.882889636776152,C
Castform Sunny Form,Fire,NA,Balanced,26.877663295313393,27.570297767551406,C
Basculin Red-Striped Form,Water,NA,Offensive,26.733483945409198,33.061924987688656,C
Basculin Blue-Striped Form,Water,NA,Offensive,26.733483945409198,33.061924987688656,C
Basculin White-Striped Form,Water,NA,Offensive,26.733483945409198,33.061924987688656,C
Banette,Ghost,NA,Offensive,26.68441007331451,32.430582937853856,C
Emolga,Electric,Flying,Offensive,26.538613440934263,31.976597963651784,C
Carnivine,Grass,NA,Offensive,26.532107711135346,32.984750467947016,C
Diggersby,Normal,Ground,Balanced,26.514349502093083,25.17964884211287,C
Fearow,Normal,Flying,Offensive,26.40845933465367,33.17326121183379,C
Masquerain,Bug,Flying,Offensive,26.2795657552985,33.39726127132478,C
Volbeat,Bug,NA,Balanced,26.031742119244573,29.09931510215682,C
Illumise,Bug,NA,Balanced,26.031742119244573,29.09931510215682,C
Marowak,Ground,NA,Balanced,25.915814128124047,27.988158382656618,C
Kecleon,Normal,NA,Offensive,25.853655845478155,29.832199952937884,C
Shiinotic,Grass,Fairy,Balanced,25.789265563272295,27.509828643747596,C
Sharpedo,Water,Dark,Offensive,25.749763161202498,34.512822734035524,C
Jynx,Ice,Psychic,Offensive,25.738151479012465,38.82303782180571,C
Eiscue Noice Face,Ice,NA,Offensive,25.683516322722156,39.345558825162925,C
Maractus,Grass,NA,Offensive,25.659033791470236,31.67368094196081,C
Squawkabilly Green Plumage,Normal,Flying,Offensive,25.656990175967742,31.829489563028766,C
Squawkabilly Blue Plumage,Normal,Flying,Offensive,25.656990175967742,31.829489563028766,C
Squawkabilly Yellow Plumage,Normal,Flying,Offensive,25.656990175967742,31.829489563028766,C
Squawkabilly White Plumage,Normal,Flying,Offensive,25.656990175967742,31.829489563028766,C
Galarian Corsola,Ghost,NA,Balanced,25.55019225863643,23.72206333002204,C
Castform Rainy Form,Water,NA,Balanced,25.51694900959911,27.570297767551406,C
Purugly,Normal,NA,Offensive,25.401926601051652,34.749059471310126,C
Ninjask,Bug,Flying,Offensive,25.396079995400672,44.93052611087638,C
Morpeko Full Belly Mode,Electric,Dark,Offensive,25.3569554341035,31.58701484369073,C
Morpeko Hangry Mode,Electric,Dark,Offensive,25.3569554341035,31.58701484369073,C
Swellow,Normal,Flying,Offensive,25.318024588537604,35.87215508131569,C
Wormadam Sandy Cloak,Bug,Ground,Balanced,25.247733375662857,26.65382932916465,C
Bibarel,Normal,Water,Balanced,25.03567146997971,26.804162681087405,C
Flapple,Grass,Dragon,Offensive,25.022137357082762,34.0962952922666,C
Persian,Normal,NA,Offensive,24.817611061407096,34.73579439916587,F
Pincurchin,Electric,NA,Offensive,24.815446250634338,30.331016497932424,F
Alolan Persian,Dark,NA,Offensive,24.716249203858432,33.19633730352197,F
Pachirisu,Electric,NA,Balanced,24.673841136487404,26.27117373063416,F
Gumshoos,Normal,NA,Offensive,24.346143498358416,30.794122641910352,F
Alolan Raticate,Dark,Normal,Balanced,24.293184471297877,27.00599677855326,F
Wugtrio,Water,NA,Offensive,24.198485081909396,36.33132306859991,C
Liepard,Dark,NA,Offensive,24.176929695814277,35.38641274503841,C
Minun,Electric,NA,Offensive,23.958822117861718,28.550801758914613,F
Furret,Normal,NA,Offensive,23.882121117186145,28.762161621700855,F
Partner Eevee,Normal,NA,Balanced,23.824124474032494,27.051615452365432,F
Mr. MimeGalarian Mr. Mime,Ice,Psychic,Offensive,23.815664120539136,34.807149649341525,F
Corsola,Water,Rock,Balanced,23.792266354062733,23.844326359373113,F
Mightyena,Dark,NA,Offensive,23.49334132860558,27.910160771894105,F
Linoone,Normal,NA,Offensive,23.420081530825463,29.342164545623504,F
Castform,Normal,NA,Offensive,23.331234723884826,27.570297767551406,F
Partner Pikachu,Electric,NA,Offensive,23.270629588946818,34.70506903362195,F
Sunflora,Grass,NA,Offensive,23.23166925696384,28.593572222570845,F
Spidops,Bug,NA,Balanced,23.110212059207406,25.2941952922071,F
Galarian Linoone,Dark,Normal,Offensive,23.05579581653975,29.342164545623504,F
Ariados,Bug,Poison,Balanced,22.990289797857173,25.752338189509103,F
Dugtrio,Ground,NA,Offensive,22.78419936762368,36.33132306859991,C
Swoobat,Psychic,Flying,Offensive,22.70863676833246,31.906687739335275,F
Plusle,Electric,NA,Offensive,22.607749497349594,28.79677010001779,F
Beedrill,Bug,Poison,Offensive,22.57546041892156,26.826589610129872,F
Dustox,Bug,Poison,Balanced,22.430139281545635,22.35045722367774,F
Watchog,Normal,NA,Offensive,22.172095195764847,27.22067646701115,F
Chatot,Normal,Flying,Offensive,22.107672630870866,28.369414332634634,F
Medicham,Fighting,Psychic,Offensive,22.028412560276173,25.7524623839619,F
Wormadam Plant Cloak,Bug,Grass,Offensive,22.02273337566286,26.65382932916465,F
Raticate,Normal,NA,Offensive,21.762647655039643,29.388526458858436,F
Castform Snowy Form,Ice,NA,Offensive,21.41337758102768,27.570297767551406,F
Vivillon,Bug,Flying,Offensive,21.050379138351772,29.16580437845337,F
Sableye,Dark,Ghost,Balanced,20.876097695651673,21.677575952959554,F
Delcatty,Normal,NA,Offensive,20.288956425997107,24.61336816424726,F
Mothim,Bug,Flying,Offensive,20.218635406380777,29.702175989638175,F
Butterfree,Bug,Flying,Offensive,19.997518607372307,26.78018108031948,F
Kricketune,Bug,NA,Offensive,19.93936472330266,24.347457636227837,F
Ledian,Bug,Flying,Offensive,19.77793637943755,23.34826828574124,F
Farfetch'd,Normal,Flying,Offensive,19.746125190707883,24.04995795453083,F
Parasect,Bug,Grass,Offensive,19.69137732572039,26.682860751815447,F
Galarian Farfetch'd,Fighting,NA,Offensive,18.610014079596773,24.667479322052195,F
Spinda,Normal,NA,Offensive,17.49842619921264,21.260742981238142,F
Beautifly,Bug,Flying,Offensive,17.473229837897044,25.907791747216223,F
Luvdisc,Water,NA,Balanced,17.06097997544096,18.717700857805443,F
Pikachu,Electric,NA,Offensive,15.275314973037002,19.614027739640832,F
Eevee,Normal,NA,Balanced,14.959982877206118,17.117536922393704,F
Unown,Psychic,NA,Offensive,14.553098184375651,21.09169521058626,F
Shedinja,Bug,Ghost,Offensive,13.495127542737139,19.051459431607363,F
Ditto,Normal,NA,Offensive,13.159667646614997,16.144693244254174,F
Delibird,Ice,Flying,Offensive,12.788158142094119,18.331216521238655,F
Smeargle,Normal,NA,Balanced,11.721966214519512,11.483289441049228,F
Wishiwashi Solo Form,Water,NA,Defensive,11.681972851500502,9.744684503570696,F
